N,time_notopt,time_opt,memory_notopt,memory_opt
8,927825.9602982292,1.0472507159974774e6,567280.0,436960.0
12,4.2156694333895445e6,5.725277285550458e6,6.323328e6,1.31896e6
16,3.012889475301205e7,1.2728054631043257e7,6.2326128e7,7.907536e6
20,1.01747979e9,1.2975578984615384e8,2.104175728e9,1.22469184e8
