N,time_notopt,time_opt,memory_notopt,memory_opt
8,670216.7648961984,701282.2384040604,455376.0,319280.0
12,3.217160841800643e6,5.592317886898097e6,5.635456e6,2.91288e6
16,5.607410968888889e7,2.030483736437247e7,1.06374624e8,1.9292336e7
20,9.3646155e8,2.622213599e8,2.065895632e9,2.27895904e8
