N,time_notopt,time_opt,memory_notopt,memory_opt
8,608139.3239298417,533539.2937385888,337984.0,196560.0
12,2.0181653881924788e6,787036.9791304348,2.5884e6,301920.0
16,8.868059411347518e6,1.0323955505594695e6,9.17832e6,417456.0
20,6.332054524050633e7,1.362811059322034e6,1.38328352e8,543568.0
