N,time_notopt,time_opt,memory_notopt,memory_opt
8,401440.7086,308394.8265,160576.0,93232.0
12,1.613678250242797e6,578517.2254799302,2.069104e6,196464.0
16,2.222322170222222e7,783475.8269351794,3.6675088e7,277920.0
20,3.5092696953333336e8,989220.8487795198,7.11289056e8,364640.0
