N,time_notopt,time_opt,memory_notopt,memory_opt
8,647898.1709256845,567748.715671727,445472.0,273680.0
12,3.239456591174562e6,888232.4933119315,5.62784e6,396480.0
16,4.787051178095238e7,1.5188670938166312e6,1.02123088e8,741520.0
20,8.967073686666666e8,1.7502772153630306e6,2.03230056e9,814448.0
