N,time_notopt,time_opt,memory_notopt,memory_opt
8,418271.9467,334978.0959,237872.0,129072.0
12,2.194228580290365e6,626623.060247038,3.499632e6,265552.0
16,3.9539355708661415e7,870407.1576096453,6.6023696e7,380352.0
20,6.242940544444444e8,1.232651907201188e6,1.310200016e9,507520.0
